student_id,name,age,gender,course,year,gpa,city
1,Aarav Sharma,20,Male,Computer Science,2,3.6,Kathmandu
2,Sita Thapa,21,Female,Information Technology,3,3.8,Pokhara
3,Rohan Gurung,19,Male,Computer Science,1,3.2,Lalitpur
4,Anisha Rai,22,Female,Software Engineering,4,3.9,Bhaktapur
5,Bibek Karki,20,Male,Information Technology,2,2.9,Kathmandu
6,Prakriti Shrestha,21,Female,Computer Science,3,3.5,Chitwan
7,Suman Tamang,23,Male,Data Science,4,3.1,Dharan
8,Nisha Adhikari,19,Female,Software Engineering,1,3.7,Butwal
9,Manish KC,22,Male,Data Science,3,3.4,Kathmandu
10,Sarita Bhandari,20,Female,Information Technology,2,3.0,Pokhara